Address,type,Areas,Floors,YearBuilt
25 3 AVENUE,Commercial,2960,1,1900
120 3 AVENUE,Commercial,4112,1,1900
200 AVENUE B,Residential,1100,1,1900
408 EAST 11 STREET,Residential,2369,1,1900
20 EAST 2 STREET,Residential,2519,1,1900
66 EAST 1 STREET,Residential,3245,1,1900
112 EAST 4 STREET,Residential,7213,1,1900
106 3 AVENUE,Commercial,1500,2,1900
202 AVENUE B,Residential,1100,2,1900
234 EAST 9 STREET,Residential,1192,2,1900
229 EAST 9 STREET,Residential,1450,2,1900
231 EAST 9 STREET,Residential,1633,2,1900
98 AVENUE B,Residential,1844,2,1900
72 EAST 4 STREET,Residential,2404,2,1900
99 EAST 2 STREET,Residential,2950,2,1900
165 2 AVENUE,Residential,36537,2,1900
38 EAST 3 STREET,Commercial,1288,3,1900
82 EAST 10 STREET,Commercial,1420,3,1900
249 EAST 13 STREET,Commercial,1495,3,1900
84 EAST 10 STREET,Commercial,1865,3,1900
90 EAST 10 STREET,Commercial,1874,3,1900
88 EAST 10 STREET,Commercial,1952,3,1900
336 EAST 14 STREET,Commercial,6195,3,1900
126 EAST 13 STREET,Commercial,7167,3,1900
45 EAST 3 STREET,Residential,962,3,1900
402 EAST 9 STREET,Residential,1000,3,1900
305 EAST 12 STREET,Residential,1087,3,1900
164 AVENUE A,Residential,1176,3,1900
138 1 AVENUE,Residential,1200,3,1900
212 EAST 9 STREET,Residential,1350,3,1900
30 EAST 3 STREET,Residential,1357,3,1900
65 EAST 2 STREET,Residential,1407,3,1900
11 AVENUE A,Residential,1500,3,1900
410 EAST 9 STREET,Residential,1556,3,1900
210 EAST 9 STREET,Residential,1575,3,1900
315 EAST 6 STREET,Residential,1635,3,1900
14 EAST 2 STREET,Residential,1650,3,1900
172 1 AVENUE,Residential,1669,3,1900
100 EAST 4 STREET,Residential,1803,3,1900
102 EAST 4 STREET,Residential,1803,3,1900
64 EAST 3 STREET,Residential,1890,3,1900
21 STUYVESANT STREET,Residential,2065,3,1900
311 EAST 12 STREET,Residential,2065,3,1900
118 EAST 1 STREET,Residential,2116,3,1900
121 EAST 7 STREET,Residential,2145,3,1900
24 1 AVENUE,Residential,2287,3,1900
404 EAST 11 STREET,Residential,2369,3,1900
217 EAST 12 STREET,Residential,2581,3,1900
215 EAST 12 STREET,Residential,2581,3,1900
70 EAST 4 STREET,Residential,2708,3,1900
20 ST MARKS PLACE,Residential,3120,3,1900
3 EAST 3 STREET,Residential,3847,3,1900
137 2 AVENUE,Residential,5980,3,1900
355 BOWERY,Commercial,3060,3.5,1900
4 ST MARKS PLACE,Commercial,3120,3.5,1900
37 EAST 7 STREET,Residential,1875,3.5,1900
140 EAST 13 STREET,Commercial,1020,4,1900
349 EAST 13 STREET,Commercial,1038,4,1900
233 1 AVENUE,Commercial,1200,4,1900
231 1 AVENUE,Commercial,1200,4,1900
229 1 AVENUE,Commercial,1200,4,1900
216 AVENUE B,Commercial,1251,4,1900
36 EAST 2 STREET,Commercial,1635,4,1900
357 BOWERY,Commercial,1662,4,1900
218 AVENUE B,Commercial,1734,4,1900
325 BOWERY,Commercial,1770,4,1900
58 3 AVENUE,Commercial,1849,4,1900
327 BOWERY,Commercial,1877,4,1900
63 4 AVENUE,Commercial,1967,4,1900
222 AVENUE B,Commercial,1995,4,1900
29 2 AVENUE,Commercial,2277,4,1900
218 AVENUE A,Commercial,2472,4,1900
539 EAST 13 STREET,Commercial,2581,4,1900
531 EAST 13 STREET,Commercial,2581,4,1900
109 EAST 12 STREET,Commercial,2581,4,1900
113 EAST 12 STREET,Commercial,2663,4,1900
217 2 AVENUE,Commercial,2897,4,1900
221 2 AVENUE,Commercial,2897,4,1900
61 COOPER SQUARE,Commercial,3139,4,1900
113 EAST 11 STREET,Commercial,3337,4,1900
64 3 AVENUE,Commercial,3935,4,1900
96 3 AVENUE,Commercial,4200,4,1900
45 2 AVENUE,Commercial,4400,4,1900
134 EAST 13 STREET,Commercial,5168,4,1900
66 3 AVENUE,Commercial,7742,4,1900
345 EAST 9 STREET,Residential,654,4,1900
46 STUYVESANT STREET,Residential,794,4,1900
115 1 AVENUE,Residential,875,4,1900
25 AVENUE A,Residential,981,4,1900
123 1 AVENUE,Residential,1000,4,1900
121 1 AVENUE,Residential,1000,4,1900
144 1 AVENUE,Residential,1000,4,1900
117 1 AVENUE,Residential,1000,4,1900
119 1 AVENUE,Residential,1000,4,1900
343 EAST 9 STREET,Residential,1081,4,1900
39 ST MARKS PLACE,Residential,1211,4,1900
41 ST MARKS PLACE,Residential,1211,4,1900
17 1 AVENUE,Residential,1250,4,1900
189 AVENUE A,Residential,1260,4,1900
162 1 AVENUE,Residential,1266,4,1900
325 EAST 9 STREET,Residential,1292,4,1900
106 EAST 10 STREET,Residential,1373,4,1900
110 EAST 10 STREET,Residential,1401,4,1900
423 EAST 9 STREET,Residential,1415,4,1900
425 EAST 9 STREET,Residential,1415,4,1900
411 EAST 12 STREET,Residential,1416,4,1900
329 EAST 9 STREET,Residential,1476,4,1900
110 1 AVENUE,Residential,1487,4,1900
102 1 AVENUE,Residential,1488,4,1900
228 EAST 11 STREET,Residential,1493,4,1900
230 EAST 11 STREET,Residential,1493,4,1900
197 1 AVENUE,Residential,1505,4,1900
9 AVENUE A,Residential,1507,4,1900
155 2 AVENUE,Residential,1508,4,1900
166 AVENUE A,Residential,1510,4,1900
117 2 AVENUE,Residential,1517,4,1900
502 EAST 11 STREET,Residential,1520,4,1900
177 1 AVENUE,Residential,1536,4,1900
15 AVENUE A,Residential,1580,4,1900
6 EAST 2 STREET,Residential,1602,4,1900
319 EAST 6 STREET,Residential,1635,4,1900
147 1 AVENUE,Residential,1656,4,1900
123 AVENUE A,Residential,1686,4,1900
87 EAST 4 STREET,Residential,1696,4,1900
429 EAST 12 STREET,Residential,1701,4,1900
206 EAST 13 STREET,Residential,1704,4,1900
121 AVENUE A,Residential,1709,4,1900
212 EAST 11 STREET,Residential,1710,4,1900
210 EAST 11 STREET,Residential,1710,4,1900
209 1 AVENUE,Residential,1713,4,1900
116 ST MARKS PLACE,Residential,1729,4,1900
208 1 AVENUE,Residential,1764,4,1900
528 EAST 5 STREET,Residential,1859,4,1900
39 EAST 7 STREET,Residential,1875,4,1900
33 EAST 7 STREET,Residential,1875,4,1900
35 EAST 7 STREET,Residential,1875,4,1900
526 EAST 5 STREET,Residential,1883,4,1900
57 EAST 3 STREET,Residential,1923,4,1900
407 EAST 6 STREET,Residential,1945,4,1900
31 EAST 7 STREET,Residential,1950,4,1900
75 2 AVENUE,Residential,2000,4,1900
142 1 AVENUE,Residential,2000,4,1900
234 EAST 5 STREET,Residential,2020,4,1900
222 EAST 11 STREET,Residential,2043,4,1900
186 2 AVENUE,Residential,2067,4,1900
115 EAST 2 STREET,Residential,2118,4,1900
238 EAST 9 STREET,Residential,2186,4,1900
22 1 AVENUE,Residential,2200,4,1900
232 EAST 13 STREET,Residential,2211,4,1900
101 AVENUE A,Residential,2267,4,1900
99 AVENUE A,Residential,2267,4,1900
97 AVENUE A,Residential,2300,4,1900
127 EAST 10 STREET,Residential,2300,4,1900
268 EAST 10 STREET,Residential,2300,4,1900
226 EAST 10 STREET,Residential,2300,4,1900
435 EAST 9 STREET,Residential,2306,4,1900
429 EAST 9 STREET,Residential,2306,4,1900
439 EAST 9 STREET,Residential,2306,4,1900
264 EAST 10 STREET,Residential,2306,4,1900
208 EAST 10 STREET,Residential,2306,4,1900
419 EAST 9 STREET,Residential,2306,4,1900
319 EAST 9 STREET,Residential,2306,4,1900
67 EAST 7 STREET,Residential,2313,4,1900
74 EAST 4 STREET,Residential,2325,4,1900
49 EAST 7 STREET,Residential,2338,4,1900
77 ST MARKS PLACE,Residential,2348,4,1900
73 ST MARKS PLACE,Residential,2348,4,1900
49 ST MARKS PLACE,Residential,2348,4,1900
59 ST MARKS PLACE,Residential,2348,4,1900
53 ST MARKS PLACE,Residential,2348,4,1900
69 ST MARKS PLACE,Residential,2348,4,1900
71 ST MARKS PLACE,Residential,2348,4,1900
61 ST MARKS PLACE,Residential,2348,4,1900
432 EAST 9 STREET,Residential,2348,4,1900
319 EAST 10 STREET,Residential,2369,4,1900
301 EAST 10 STREET,Residential,2369,4,1900
320 EAST 11 STREET,Residential,2369,4,1900
317 EAST 10 STREET,Residential,2369,4,1900
311 EAST 10 STREET,Residential,2370,4,1900
414 EAST 11 STREET,Residential,2370,4,1900
75 ST MARKS PLACE,Residential,2398,4,1900
74 2 AVENUE,Residential,2400,4,1900
100 2 AVENUE,Residential,2425,4,1900
96 2 AVENUE,Residential,2425,4,1900
93 2 AVENUE,Residential,2425,4,1900
119 AVENUE A,Residential,2425,4,1900
117 AVENUE A,Residential,2433,4,1900
65 EAST 7 STREET,Residential,2437,4,1900
83 EAST 7 STREET,Residential,2438,4,1900
48 ST MARKS PLACE,Residential,2438,4,1900
81 EAST 7 STREET,Residential,2438,4,1900
71 EAST 7 STREET,Residential,2438,4,1900
79 EAST 7 STREET,Residential,2438,4,1900
68 ST MARKS PLACE,Residential,2438,4,1900
115 AVENUE A,Residential,2442,4,1900
5 AVENUE A,Residential,2460,4,1900
45 ST MARKS PLACE,Residential,2500,4,1900
425 EAST 12 STREET,Residential,2504,4,1900
225 EAST 11 STREET,Residential,2550,4,1900
199 AVENUE A,Residential,2575,4,1900
207 AVENUE A,Residential,2575,4,1900
509 EAST 12 STREET,Residential,2581,4,1900
448 EAST 13 STREET,Residential,2600,4,1900
299 EAST 10 STREET,Residential,2610,4,1900
295 EAST 10 STREET,Residential,2610,4,1900
113 EAST 2 STREET,Residential,2648,4,1900
111 EAST 2 STREET,Residential,2648,4,1900
191 AVENUE A,Residential,2695,4,1900
132 EAST 7 STREET,Residential,2769,4,1900
305 EAST 10 STREET,Residential,2795,4,1900
309 EAST 10 STREET,Residential,2801,4,1900
307 EAST 10 STREET,Residential,2863,4,1900
31 ST MARKS PLACE,Residential,2912,4,1900
29 ST MARKS PLACE,Residential,2934,4,1900
153 AVENUE A,Residential,2976,4,1900
18 ST MARKS PLACE,Residential,3120,4,1900
17 AVENUE A,Residential,3312,4,1900
214 EAST 9 STREET,Residential,3375,4,1900
223 EAST 11 STREET,Residential,3400,4,1900
173 EAST 3 STREET,Residential,3408,4,1900
9 ST MARKS PLACE,Residential,3616,4,1900
224 EAST 5 STREET,Residential,3824,4,1900
51 EAST 3 STREET,Residential,4752,4,1900
192 2 AVENUE,Residential,5123,4,1900
155 AVENUE A,Residential,5980,4,1900
329 BOWERY,Commercial,1334,4.5,1900
138 2 AVENUE,Residential,3353,4.5,1900
102 3 AVENUE,Commercial,1290,5,1900
545 EAST 13 STREET,Commercial,1378,5,1900
105 EAST 9 STREET,Commercial,1380,5,1900
222 EAST 14 STREET,Commercial,1652,5,1900
220 1 AVENUE,Commercial,1683,5,1900
210 EAST 14 STREET,Commercial,1755,5,1900
104 3 AVENUE,Commercial,1770,5,1900
11 EAST 7 STREET,Commercial,1950,5,1900
213 2 AVENUE,Commercial,2009,5,1900
109 EAST 9 STREET,Commercial,2070,5,1900
215 2 AVENUE,Commercial,2262,5,1900
418 EAST 14 STREET,Commercial,2275,5,1900
48 3 AVENUE,Commercial,2371,5,1900
219 AVENUE A,Commercial,2410,5,1900
220 AVENUE A,Commercial,2472,5,1900
141 EAST 13 STREET,Commercial,2500,5,1900
515 EAST 13 STREET,Commercial,2571,5,1900
535 EAST 13 STREET,Commercial,2581,5,1900
534 EAST 14 STREET,Commercial,2581,5,1900
537 EAST 13 STREET,Commercial,2581,5,1900
529 EAST 13 STREET,Commercial,2581,5,1900
533 EAST 13 STREET,Commercial,2581,5,1900
50 3 AVENUE,Commercial,3942,5,1900
331 BOWERY,Commercial,5593,5,1900
112 EAST 11 STREET,Commercial,13354,5,1900
84 EAST 2 STREET,Residential,578,5,1900
126 EAST 10 STREET,Residential,612,5,1900
42 ST MARKS PLACE,Residential,665,5,1900
40 1/2 ST MARKS PLACE,Residential,665,5,1900
128 EAST 10 STREET,Residential,708,5,1900
438 EAST 9 STREET,Residential,716,5,1900
443 EAST 6 STREET,Residential,759,5,1900
125 1 AVENUE,Residential,1050,5,1900
80 EAST 2 STREET,Residential,1064,5,1900
112 EAST 10 STREET,Residential,1128,5,1900
132 1 AVENUE,Residential,1166,5,1900
46 EAST 7 STREET,Residential,1195,5,1900
303 EAST 5 STREET,Residential,1213,5,1900
127 1 AVENUE,Residential,1225,5,1900
129 1 AVENUE,Residential,1225,5,1900
118 1 AVENUE,Residential,1240,5,1900
418 1/2 EAST 9 STREET,Residential,1268,5,1900
102 2 AVENUE,Residential,1272,5,1900
122 EAST 10 STREET,Residential,1294,5,1900
85 2 AVENUE,Residential,1307,5,1900
166 AVENUE B,Residential,1365,5,1900
130 1 AVENUE,Residential,1390,5,1900
128 1 AVENUE,Residential,1391,5,1900
343 EAST 10 STREET,Residential,1400,5,1900
47 1/2 EAST 1 STREET,Residential,1428,5,1900
293 EAST 10 STREET,Residential,1446,5,1900
502 EAST 12 STREET,Residential,1449,5,1900
173 1 AVENUE,Residential,1483,5,1900
114 1 AVENUE,Residential,1487,5,1900
112 1 AVENUE,Residential,1488,5,1900
108 1 AVENUE,Residential,1488,5,1900
47 EAST 1 STREET,Residential,1491,5,1900
45 EAST 1 STREET,Residential,1509,5,1900
92 ST MARKS PLACE,Residential,1542,5,1900
94 AVENUE B,Residential,1552,5,1900
111 1 AVENUE,Residential,1555,5,1900
93 EAST 7 STREET,Residential,1562,5,1900
510 EAST 11 STREET,Residential,1576,5,1900
402 EAST 12 STREET,Residential,1597,5,1900
83 2 AVENUE,Residential,1600,5,1900
7 ST MARKS PLACE,Residential,1626,5,1900
34 AVENUE A,Residential,1672,5,1900
422 EAST 9 STREET,Residential,1672,5,1900
420 EAST 9 STREET,Residential,1692,5,1900
64 2 AVENUE,Residential,1698,5,1900
12 1 AVENUE,Residential,1715,5,1900
194 1 AVENUE,Residential,1750,5,1900
341 EAST 10 STREET,Residential,1750,5,1900
168 AVENUE B,Residential,1750,5,1900
174 AVENUE B,Residential,1750,5,1900
170 AVENUE B,Residential,1750,5,1900
345 EAST 10 STREET,Residential,1750,5,1900
59 1 AVENUE,Residential,1776,5,1900
61 1 AVENUE,Residential,1776,5,1900
120 1 AVENUE,Residential,1788,5,1900
166 EAST 7 STREET,Residential,1817,5,1900
164 EAST 7 STREET,Residential,1817,5,1900
94 ST MARKS PLACE,Residential,1829,5,1900
114 ST MARKS PLACE,Residential,1847,5,1900
541 EAST 12 STREET,Residential,1850,5,1900
97 1/2 EAST 7 STREET,Residential,1853,5,1900
73 2 AVENUE,Residential,1854,5,1900
197 2 AVENUE,Residential,1890,5,1900
199 2 AVENUE,Residential,1890,5,1900
534 EAST 6 STREET,Residential,1896,5,1900
43 EAST 1 STREET,Residential,1901,5,1900
106 AVENUE B,Residential,1919,5,1900
44 AVENUE B,Residential,1920,5,1900
40 AVENUE B,Residential,1920,5,1900
42 AVENUE B,Residential,1923,5,1900
219 EAST 4 STREET,Residential,1923,5,1900
28 AVENUE B,Residential,1933,5,1900
30 AVENUE B,Residential,1934,5,1900
29 EAST 7 STREET,Residential,1938,5,1900
41 EAST 1 STREET,Residential,1950,5,1900
13 EAST 7 STREET,Residential,1950,5,1900
25 EAST 7 STREET,Residential,1950,5,1900
15 EAST 7 STREET,Residential,1950,5,1900
17 EAST 7 STREET,Residential,1950,5,1900
19 EAST 7 STREET,Residential,1950,5,1900
94 EAST 7 STREET,Residential,1953,5,1900
27 EAST 7 STREET,Residential,1958,5,1900
211 EAST 4 STREET,Residential,1964,5,1900
196 1 AVENUE,Residential,1978,5,1900
189 EAST 2 STREET,Residential,2048,5,1900
184 2 AVENUE,Residential,2067,5,1900
39 EAST 1 STREET,Residential,2075,5,1900
83 EAST 2 STREET,Residential,2083,5,1900
436 EAST 11 STREET,Residential,2085,5,1900
58 2 AVENUE,Residential,2100,5,1900
237 EAST 12 STREET,Residential,2117,5,1900
105 EAST 2 STREET,Residential,2118,5,1900
176 EAST 2 STREET,Residential,2120,5,1900
212 EAST 12 STREET,Residential,2130,5,1900
350 EAST 13 STREET,Residential,2168,5,1900
352 EAST 13 STREET,Residential,2168,5,1900
130 ST MARKS PLACE,Residential,2195,5,1900
16 1 AVENUE,Residential,2200,5,1900
37 EAST 1 STREET,Residential,2200,5,1900
35 EAST 1 STREET,Residential,2203,5,1900
101 1 AVENUE,Residential,2208,5,1900
197 EAST 3 STREET,Residential,2212,5,1900
421 EAST 9 STREET,Residential,2212,5,1900
180 1 AVENUE,Residential,2225,5,1900
169 AVENUE A,Residential,2225,5,1900
170 1 AVENUE,Residential,2225,5,1900
168 1 AVENUE,Residential,2225,5,1900
174 EAST 2 STREET,Residential,2226,5,1900
126 EAST 7 STREET,Residential,2241,5,1900
157 2 AVENUE,Residential,2250,5,1900
418 EAST 9 STREET,Residential,2254,5,1900
164 1 AVENUE,Residential,2256,5,1900
302 EAST 12 STREET,Residential,2263,5,1900
439 EAST 6 STREET,Residential,2270,5,1900
427 EAST 6 STREET,Residential,2270,5,1900
435 EAST 6 STREET,Residential,2270,5,1900
533 EAST 6 STREET,Residential,2271,5,1900
162 EAST 7 STREET,Residential,2271,5,1900
535 EAST 6 STREET,Residential,2271,5,1900
521 EAST 6 STREET,Residential,2271,5,1900
50 EAST 7 STREET,Residential,2271,5,1900
329 EAST 6 STREET,Residential,2271,5,1900
433 EAST 6 STREET,Residential,2271,5,1900
441 EAST 6 STREET,Residential,2271,5,1900
118 EAST 7 STREET,Residential,2271,5,1900
100 EAST 7 STREET,Residential,2271,5,1900
96 EAST 7 STREET,Residential,2271,5,1900
102 EAST 7 STREET,Residential,2271,5,1900
106 EAST 7 STREET,Residential,2271,5,1900
104 EAST 7 STREET,Residential,2271,5,1900
333 EAST 6 STREET,Residential,2271,5,1900
339 EAST 6 STREET,Residential,2271,5,1900
335 EAST 6 STREET,Residential,2271,5,1900
337 EAST 6 STREET,Residential,2271,5,1900
437 EAST 6 STREET,Residential,2271,5,1900
98 EAST 7 STREET,Residential,2271,5,1900
505 EAST 6 STREET,Residential,2272,5,1900
523 EAST 6 STREET,Residential,2272,5,1900
216 EAST 12 STREET,Residential,2272,5,1900
122 EAST 7 STREET,Residential,2278,5,1900
122 1 AVENUE,Residential,2287,5,1900
228 EAST 10 STREET,Residential,2300,5,1900
222 EAST 10 STREET,Residential,2306,5,1900
210 EAST 10 STREET,Residential,2306,5,1900
341 EAST 9 STREET,Residential,2306,5,1900
286 EAST 10 STREET,Residential,2306,5,1900
413 EAST 9 STREET,Residential,2306,5,1900
317 EAST 9 STREET,Residential,2306,5,1900
431 EAST 9 STREET,Residential,2306,5,1900
339 EAST 9 STREET,Residential,2306,5,1900
337 EAST 9 STREET,Residential,2306,5,1900
335 EAST 9 STREET,Residential,2306,5,1900
333 EAST 9 STREET,Residential,2306,5,1900
313 EAST 9 STREET,Residential,2306,5,1900
321 EAST 9 STREET,Residential,2306,5,1900
276 EAST 10 STREET,Residential,2306,5,1900
331 EAST 9 STREET,Residential,2306,5,1900
309 EAST 9 STREET,Residential,2306,5,1900
212 EAST 10 STREET,Residential,2307,5,1900
149 1 AVENUE,Residential,2308,5,1900
151A 1 AVENUE,Residential,2308,5,1900
153 1 AVENUE,Residential,2308,5,1900
216 EAST 5 STREET,Residential,2308,5,1900
167 1 AVENUE,Residential,2317,5,1900
171 1 AVENUE,Residential,2317,5,1900
165 1 AVENUE,Residential,2325,5,1900
69 EAST 7 STREET,Residential,2338,5,1900
143 1 AVENUE,Residential,2342,5,1900
141 1 AVENUE,Residential,2342,5,1900
522 EAST 5 STREET,Residential,2348,5,1900
428 EAST 9 STREET,Residential,2348,5,1900
47 ST MARKS PLACE,Residential,2348,5,1900
340 EAST 9 STREET,Residential,2348,5,1900
111 ST MARKS PLACE,Residential,2348,5,1900
113 ST MARKS PLACE,Residential,2348,5,1900
426 EAST 9 STREET,Residential,2348,5,1900
63 ST MARKS PLACE,Residential,2348,5,1900
436 EAST 9 STREET,Residential,2348,5,1900
346 EAST 9 STREET,Residential,2348,5,1900
430 EAST 9 STREET,Residential,2348,5,1900
342 EAST 9 STREET,Residential,2348,5,1900
434 EAST 9 STREET,Residential,2348,5,1900
67 ST MARKS PLACE,Residential,2348,5,1900
69 1 AVENUE,Residential,2349,5,1900
145 1 AVENUE,Residential,2350,5,1900
139 1 AVENUE,Residential,2350,5,1900
95 EAST 7 STREET,Residential,2356,5,1900
207 EAST 4 STREET,Residential,2364,5,1900
249 EAST 10 STREET,Residential,2369,5,1900
330 EAST 11 STREET,Residential,2369,5,1900
328 EAST 11 STREET,Residential,2369,5,1900
337 EAST 10 STREET,Residential,2369,5,1900
229 EAST 10 STREET,Residential,2369,5,1900
265 EAST 10 STREET,Residential,2369,5,1900
213 EAST 10 STREET,Residential,2369,5,1900
332 EAST 11 STREET,Residential,2369,5,1900
253 EAST 10 STREET,Residential,2369,5,1900
323 EAST 10 STREET,Residential,2369,5,1900
303 EAST 10 STREET,Residential,2369,5,1900
340 EAST 11 STREET,Residential,2369,5,1900
273 EAST 10 STREET,Residential,2369,5,1900
412 EAST 11 STREET,Residential,2369,5,1900
338 EAST 11 STREET,Residential,2369,5,1900
269 EAST 10 STREET,Residential,2369,5,1900
217 EAST 10 STREET,Residential,2369,5,1900
271 EAST 10 STREET,Residential,2369,5,1900
251 EAST 10 STREET,Residential,2369,5,1900
334 EAST 11 STREET,Residential,2369,5,1900
327 EAST 10 STREET,Residential,2369,5,1900
259 EAST 10 STREET,Residential,2369,5,1900
263 EAST 10 STREET,Residential,2369,5,1900
335 EAST 10 STREET,Residential,2369,5,1900
339 EAST 10 STREET,Residential,2370,5,1900
546 EAST 11 STREET,Residential,2370,5,1900
511 EAST 5 STREET,Residential,2370,5,1900
325 EAST 10 STREET,Residential,2370,5,1900
313 EAST 10 STREET,Residential,2370,5,1900
14 AVENUE A,Residential,2377,5,1900
217 EAST 4 STREET,Residential,2380,5,1900
175 EAST 3 STREET,Residential,2380,5,1900
177 EAST 3 STREET,Residential,2380,5,1900
73 1 AVENUE,Residential,2382,5,1900
71 1 AVENUE,Residential,2382,5,1900
529 EAST 5 STREET,Residential,2385,5,1900
51 1 AVENUE,Residential,2400,5,1900
53 1 AVENUE,Residential,2400,5,1900
55 1 AVENUE,Residential,2400,5,1900
86 2 AVENUE,Residential,2400,5,1900
61 2 AVENUE,Residential,2400,5,1900
78 2 AVENUE,Residential,2400,5,1900
270 EAST 10 STREET,Residential,2400,5,1900
508 EAST 6 STREET,Residential,2401,5,1900
524 EAST 6 STREET,Residential,2401,5,1900
514 EAST 5 STREET,Residential,2404,5,1900
205 EAST 4 STREET,Residential,2404,5,1900
203 EAST 4 STREET,Residential,2404,5,1900
201 EAST 4 STREET,Residential,2404,5,1900
510 EAST 5 STREET,Residential,2404,5,1900
199 EAST 4 STREET,Residential,2404,5,1900
209 EAST 4 STREET,Residential,2404,5,1900
512 EAST 5 STREET,Residential,2404,5,1900
518 EAST 5 STREET,Residential,2404,5,1900
516 EAST 5 STREET,Residential,2404,5,1900
118 EAST 4 STREET,Residential,2404,5,1900
87 EAST 3 STREET,Residential,2404,5,1900
338 EAST 5 STREET,Residential,2404,5,1900
340 EAST 5 STREET,Residential,2404,5,1900
334 EAST 5 STREET,Residential,2404,5,1900
231 EAST 10 STREET,Residential,2416,5,1900
67 1 AVENUE,Residential,2424,5,1900
98 2 AVENUE,Residential,2425,5,1900
93 1 AVENUE,Residential,2425,5,1900
532 EAST 6 STREET,Residential,2425,5,1900
521 EAST 5 STREET,Residential,2425,5,1900
525 EAST 5 STREET,Residential,2425,5,1900
509 EAST 5 STREET,Residential,2425,5,1900
520 EAST 6 STREET,Residential,2425,5,1900
316 EAST 6 STREET,Residential,2425,5,1900
229 EAST 5 STREET,Residential,2425,5,1900
334 EAST 6 STREET,Residential,2425,5,1900
223 EAST 5 STREET,Residential,2425,5,1900
225 EAST 5 STREET,Residential,2425,5,1900
330 EAST 6 STREET,Residential,2425,5,1900
235 EAST 5 STREET,Residential,2425,5,1900
319 EAST 5 STREET,Residential,2425,5,1900
317 EAST 5 STREET,Residential,2425,5,1900
312 EAST 6 STREET,Residential,2425,5,1900
325 EAST 5 STREET,Residential,2425,5,1900
329 EAST 5 STREET,Residential,2425,5,1900
339 EAST 5 STREET,Residential,2425,5,1900
335 EAST 5 STREET,Residential,2425,5,1900
215 EAST 5 STREET,Residential,2425,5,1900
314 EAST 6 STREET,Residential,2425,5,1900
213 EAST 5 STREET,Residential,2425,5,1900
328 EAST 6 STREET,Residential,2425,5,1900
332 EAST 6 STREET,Residential,2425,5,1900
327 EAST 5 STREET,Residential,2425,5,1900
219 EAST 5 STREET,Residential,2425,5,1900
318 EAST 6 STREET,Residential,2425,5,1900
333 EAST 5 STREET,Residential,2425,5,1900
337 EAST 5 STREET,Residential,2425,5,1900
341 EAST 5 STREET,Residential,2425,5,1900
331 EAST 5 STREET,Residential,2425,5,1900
338 EAST 6 STREET,Residential,2425,5,1900
518 EAST 6 STREET,Residential,2426,5,1900
507 EAST 5 STREET,Residential,2426,5,1900
519 EAST 5 STREET,Residential,2426,5,1900
504 EAST 6 STREET,Residential,2426,5,1900
523 EAST 5 STREET,Residential,2426,5,1900
527 EAST 5 STREET,Residential,2426,5,1900
531 EAST 5 STREET,Residential,2426,5,1900
41 1 AVENUE,Residential,2429,5,1900
113 AVENUE A,Residential,2433,5,1900
526 EAST 6 STREET,Residential,2434,5,1900
522 EAST 6 STREET,Residential,2434,5,1900
125 EAST 7 STREET,Residential,2437,5,1900
127 EAST 7 STREET,Residential,2437,5,1900
129 EAST 7 STREET,Residential,2437,5,1900
85 EAST 7 STREET,Residential,2438,5,1900
61 EAST 7 STREET,Residential,2438,5,1900
70 ST MARKS PLACE,Residential,2438,5,1900
66 ST MARKS PLACE,Residential,2438,5,1900
123 EAST 7 STREET,Residential,2438,5,1900
52 EAST 1 STREET,Residential,2444,5,1900
129 EAST 4 STREET,Residential,2445,5,1900
111 AVENUE A,Residential,2450,5,1900
517 EAST 5 STREET,Residential,2474,5,1900
274 EAST 10 STREET,Residential,2490,5,1900
208 AVENUE A,Residential,2496,5,1900
39 1 AVENUE,Residential,2500,5,1900
103 2 AVENUE,Residential,2500,5,1900
184 1 AVENUE,Residential,2500,5,1900
190 1 AVENUE,Residential,2500,5,1900
192 1 AVENUE,Residential,2500,5,1900
188 1 AVENUE,Residential,2500,5,1900
186 1 AVENUE,Residential,2500,5,1900
438 EAST 13 STREET,Residential,2504,5,1900
435 EAST 12 STREET,Residential,2504,5,1900
440 EAST 13 STREET,Residential,2504,5,1900
88 EAST 3 STREET,Residential,2506,5,1900
323 EAST 9 STREET,Residential,2506,5,1900
86 EAST 3 STREET,Residential,2508,5,1900
118 ST MARKS PLACE,Residential,2510,5,1900
128 ST MARKS PLACE,Residential,2511,5,1900
342 EAST 11 STREET,Residential,2514,5,1900
98 ST MARKS PLACE,Residential,2518,5,1900
100 ST MARKS PLACE,Residential,2518,5,1900
96 ST MARKS PLACE,Residential,2518,5,1900
102 ST MARKS PLACE,Residential,2518,5,1900
44 ST MARKS PLACE,Residential,2538,5,1900
188 EAST 3 STREET,Residential,2542,5,1900
192 EAST 3 STREET,Residential,2568,5,1900
65 ST MARKS PLACE,Residential,2571,5,1900
174 2 AVENUE,Residential,2575,5,1900
517 EAST 11 STREET,Residential,2575,5,1900
531 EAST 11 STREET,Residential,2581,5,1900
511 EAST 12 STREET,Residential,2581,5,1900
515 EAST 12 STREET,Residential,2581,5,1900
528 EAST 13 STREET,Residential,2581,5,1900
513 EAST 12 STREET,Residential,2581,5,1900
514F EAST 13 STREET,Residential,2581,5,1900
219 EAST 12 STREET,Residential,2581,5,1900
512 EAST 13 STREET,Residential,2581,5,1900
535 EAST 12 STREET,Residential,2581,5,1900
507 EAST 12 STREET,Residential,2581,5,1900
521 EAST 12 STREET,Residential,2581,5,1900
517 EAST 12 STREET,Residential,2581,5,1900
516 EAST 12 STREET,Residential,2581,5,1900
176 2 AVENUE,Residential,2583,5,1900
260 EAST 10 STREET,Residential,2583,5,1900
99 1 AVENUE,Residential,2592,5,1900
526 EAST 11 STREET,Residential,2614,5,1900
160 2 AVENUE,Residential,2625,5,1900
109 EAST 2 STREET,Residential,2648,5,1900
107 EAST 2 STREET,Residential,2648,5,1900
129 EAST 10 STREET,Residential,2700,5,1900
326 EAST 13 STREET,Residential,2719,5,1900
324 EAST 13 STREET,Residential,2719,5,1900
215 1 AVENUE,Residential,2723,5,1900
213 1 AVENUE,Residential,2723,5,1900
537 EAST 6 STREET,Residential,2725,5,1900
19 STUYVESANT STREET,Residential,2800,5,1900
211 EAST 11 STREET,Residential,2800,5,1900
206 EAST 9 STREET,Residential,2808,5,1900
338 EAST 13 STREET,Residential,2821,5,1900
341 EAST 6 STREET,Residential,2835,5,1900
306 EAST 11 STREET,Residential,2843,5,1900
304 EAST 11 STREET,Residential,2843,5,1900
207 2 AVENUE,Residential,2860,5,1900
54 EAST 4 STREET,Residential,2880,5,1900
192 AVENUE B,Residential,2882,5,1900
342 EAST 13 STREET,Residential,2891,5,1900
340 EAST 13 STREET,Residential,2891,5,1900
523 EAST 12 STREET,Residential,2891,5,1900
416 EAST 9 STREET,Residential,2919,5,1900
11 ST MARKS PLACE,Residential,2934,5,1900
33 ST MARKS PLACE,Residential,2934,5,1900
13 ST MARKS PLACE,Residential,2934,5,1900
151 AVENUE A,Residential,2975,5,1900
149 AVENUE A,Residential,2975,5,1900
147 AVENUE A,Residential,2975,5,1900
32 ST MARKS PLACE,Residential,3120,5,1900
8 ST MARKS PLACE,Residential,3120,5,1900
12 ST MARKS PLACE,Residential,3120,5,1900
34 ST MARKS PLACE,Residential,3120,5,1900
26 ST MARKS PLACE,Residential,3120,5,1900
22 ST MARKS PLACE,Residential,3120,5,1900
16 ST MARKS PLACE,Residential,3120,5,1900
6 ST MARKS PLACE,Residential,3120,5,1900
10 ST MARKS PLACE,Residential,3120,5,1900
547 EAST 12 STREET,Residential,3211,5,1900
174 1 AVENUE,Residential,3384,5,1900
103 EAST 2 STREET,Residential,3416,5,1900
14 ST MARKS PLACE,Residential,3420,5,1900
244 EAST HOUSTON STREET,Residential,3500,5,1900
155 EAST 2 STREET,Residential,3584,5,1900
104 EAST 4 STREET,Residential,3606,5,1900
543 EAST 12 STREET,Residential,3622,5,1900
314 EAST 11 STREET,Residential,3664,5,1900
220 EAST 5 STREET,Residential,3870,5,1900
21 EAST 7 STREET,Residential,3900,5,1900
114 EAST 7 STREET,Residential,4545,5,1900
233 EAST 10 STREET,Residential,4690,5,1900
81 ST MARKS PLACE,Residential,4696,5,1900
539 EAST 11 STREET,Residential,4728,5,1900
198 1 AVENUE,Residential,4792,5,1900
120 EAST 4 STREET,Residential,4808,5,1900
510 EAST 6 STREET,Residential,4845,5,1900
306 EAST 6 STREET,Residential,4850,5,1900
206 AVENUE B,Residential,4898,5,1900
504 EAST 11 STREET,Residential,5205,5,1900
8 AVENUE B,Residential,5380,5,1900
431 EAST 12 STREET,Residential,5810,5,1900
112 2 AVENUE,Residential,6500,5,1900
72 EAST 3 STREET,Residential,7544,5,1900
407 EAST 12 STREET,Residential,8490,5,1900
146 2 AVENUE,Residential,9412,5,1900
95 ST MARKS PLACE,Residential,10437,5,1900
206 EAST 4 STREET,Residential,32246,5,1900
36 AVENUE A,Residential,3376,5.5,1900
122 EAST 13 STREET,Commercial,2581,5.75,1900
218 1 AVENUE,Commercial,1716,6,1900
241 EAST 13 STREET,Commercial,2323,6,1900
139 EAST 13 STREET,Commercial,2500,6,1900
221 AVENUE A,Commercial,2533,6,1900
541 EAST 13 STREET,Commercial,2581,6,1900
111 EAST 12 STREET,Commercial,2635,6,1900
228 AVENUE B,Commercial,2842,6,1900
32 EAST 2 STREET,Commercial,3263,6,1900
26 2 AVENUE,Commercial,3596,6,1900
232 AVENUE B,Commercial,3705,6,1900
513 EAST 13 STREET,Commercial,3872,6,1900
31 2 AVENUE,Commercial,4472,6,1900
110 EAST 13 STREET,Commercial,4543,6,1900
328 EAST 14 STREET,Commercial,4646,6,1900
126 EAST 12 STREET,Commercial,4792,6,1900
520 EAST 14 STREET,Commercial,5163,6,1900
211 AVENUE A,Commercial,5171,6,1900
85 EAST 10 STREET,Commercial,10344,6,1900
222 2 AVENUE,Commercial,15288,6,1900
445 EAST 9 STREET,Residential,725,6,1900
443 EAST 9 STREET,Residential,726,6,1900
441 EAST 9 STREET,Residential,726,6,1900
447 EAST 9 STREET,Residential,789,6,1900
102 AVENUE B,Residential,1654,6,1900
6 AVENUE B,Residential,1819,6,1900
34 1/2 ST MARKS PLACE,Residential,1840,6,1900
69 2 AVENUE,Residential,1848,6,1900
38 AVENUE B,Residential,1923,6,1900
240 EAST 9 STREET,Residential,2104,6,1900
36 EAST 7 STREET,Residential,2218,6,1900
34 EAST 7 STREET,Residential,2218,6,1900
32 EAST 7 STREET,Residential,2218,6,1900
171 AVENUE A,Residential,2225,6,1900
538 EAST 6 STREET,Residential,2232,6,1900
415 EAST 12 STREET,Residential,2260,6,1900
77 EAST 7 STREET,Residential,2267,6,1900
417 EAST 6 STREET,Residential,2270,6,1900
110 EAST 7 STREET,Residential,2271,6,1900
311 EAST 9 STREET,Residential,2306,6,1900
214 EAST 10 STREET,Residential,2306,6,1900
315 EAST 9 STREET,Residential,2306,6,1900
220 EAST 10 STREET,Residential,2306,6,1900
224 EAST 10 STREET,Residential,2306,6,1900
206 EAST 10 STREET,Residential,2306,6,1900
189 EAST 3 STREET,Residential,2308,6,1900
55 ST MARKS PLACE,Residential,2348,6,1900
348 EAST 9 STREET,Residential,2348,6,1900
255 EAST 10 STREET,Residential,2369,6,1900
322 EAST 11 STREET,Residential,2369,6,1900
215 EAST 10 STREET,Residential,2369,6,1900
219 EAST 10 STREET,Residential,2369,6,1900
211 EAST 10 STREET,Residential,2369,6,1900
223 EAST 10 STREET,Residential,2369,6,1900
221 EAST 10 STREET,Residential,2369,6,1900
326 EAST 11 STREET,Residential,2369,6,1900
318 EAST 11 STREET,Residential,2369,6,1900
518 EAST 11 STREET,Residential,2370,6,1900
516 EAST 11 STREET,Residential,2370,6,1900
533 EAST 5 STREET,Residential,2385,6,1900
193 EAST 4 STREET,Residential,2388,6,1900
57 1 AVENUE,Residential,2400,6,1900
60 AVENUE B,Residential,2400,6,1900
543 EAST 5 STREET,Residential,2402,6,1900
73 EAST 3 STREET,Residential,2404,6,1900
89 EAST 3 STREET,Residential,2404,6,1900
77 EAST 3 STREET,Residential,2404,6,1900
75 EAST 3 STREET,Residential,2404,6,1900
71 EAST 3 STREET,Residential,2404,6,1900
336 EAST 5 STREET,Residential,2404,6,1900
340 EAST 6 STREET,Residential,2425,6,1900
58 ST MARKS PLACE,Residential,2437,6,1900
63 EAST 7 STREET,Residential,2438,6,1900
546 EAST 13 STREET,Residential,2468,6,1900
160 1 AVENUE,Residential,2500,6,1900
156 1 AVENUE,Residential,2500,6,1900
444 EAST 13 STREET,Residential,2504,6,1900
419 EAST 12 STREET,Residential,2512,6,1900
120 ST MARKS PLACE,Residential,2519,6,1900
64 ST MARKS PLACE,Residential,2537,6,1900
229 EAST 11 STREET,Residential,2550,6,1900
178 EAST 7 STREET,Residential,2560,6,1900
205 AVENUE A,Residential,2575,6,1900
233 EAST 9 STREET,Residential,2596,6,1900
97 2 AVENUE,Residential,2599,6,1900
129 2 AVENUE,Residential,2600,6,1900
171 EAST 2 STREET,Residential,2623,6,1900
343 EAST 5 STREET,Residential,2692,6,1900
327 EAST 12 STREET,Residential,2779,6,1900
139 2 AVENUE,Residential,2790,6,1900
329 EAST 12 STREET,Residential,2839,6,1900
132 2 AVENUE,Residential,2890,6,1900
237 EAST 5 STREET,Residential,2910,6,1900
27 ST MARKS PLACE,Residential,2934,6,1900
17 ST MARKS PLACE,Residential,2934,6,1900
228 EAST 13 STREET,Residential,2951,6,1900
47 EAST 3 STREET,Residential,3080,6,1900
24 ST MARKS PLACE,Residential,3120,6,1900
30 ST MARKS PLACE,Residential,3120,6,1900
38 STUYVESANT STREET,Residential,3131,6,1900
159 1 AVENUE,Residential,3312,6,1900
83 1 PLACE,Residential,3370,6,1900
328 EAST 9 STREET,Residential,3431,6,1900
24 AVENUE A,Residential,3450,6,1900
141 2 AVENUE,Residential,3485,6,1900
68 2 AVENUE,Residential,3489,6,1900
212 AVENUE B,Residential,3515,6,1900
115 ST MARKS PLACE,Residential,3522,6,1900
520 EAST 11 STREET,Residential,3553,6,1900
522 EAST 11 STREET,Residential,3555,6,1900
88 2 AVENUE,Residential,3637,6,1900
41 EAST 7 STREET,Residential,3750,6,1900
50 AVENUE B,Residential,3840,6,1900
46 AVENUE B,Residential,3853,6,1900
510 EAST 13 STREET,Residential,3872,6,1900
506 EAST 13 STREET,Residential,3872,6,1900
110 EAST 1 STREET,Residential,3972,6,1900
131 2 AVENUE,Residential,4000,6,1900
420 EAST 13 STREET,Residential,4130,6,1900
416 EAST 13 STREET,Residential,4130,6,1900
323 EAST 12 STREET,Residential,4130,6,1900
424 EAST 13 STREET,Residential,4164,6,1900
539 EAST 6 STREET,Residential,4186,6,1900
18 1 AVENUE,Residential,4400,6,1900
170 EAST 2 STREET,Residential,4452,6,1900
213 EAST 4 STREET,Residential,4592,6,1900
216 EAST 10 STREET,Residential,4612,6,1900
280 EAST 10 STREET,Residential,4613,6,1900
234 EAST 4 STREET,Residential,4616,6,1900
230 EAST 4 STREET,Residential,4616,6,1900
191 EAST 3 STREET,Residential,4616,6,1900
334 EAST 13 STREET,Residential,4750,6,1900
108 EAST 4 STREET,Residential,4808,6,1900
92 2 AVENUE,Residential,4850,6,1900
309 EAST 5 STREET,Residential,4850,6,1900
208 EAST 6 STREET,Residential,4850,6,1900
89 AVENUE A,Residential,4858,6,1900
73 EAST 7 STREET,Residential,4875,6,1900
432 EAST 13 STREET,Residential,5008,6,1900
190 EAST 2 STREET,Residential,5088,6,1900
313 EAST 12 STREET,Residential,5162,6,1900
530 EAST 13 STREET,Residential,5163,6,1900
339 EAST 12 STREET,Residential,5163,6,1900
151 2 AVENUE,Residential,5437,6,1900
193 2 AVENUE,Residential,5513,6,1900
21 EAST 2 STREET,Residential,5614,6,1900
410 EAST 13 STREET,Residential,5676,6,1900
528 EAST 11 STREET,Residential,5687,6,1900
181 EAST 3 STREET,Residential,7460,6,1900
195 EAST 2 STREET,Residential,7654,6,1900
236 EAST 13 STREET,Residential,12906,6,1900
43 2 AVENUE,Commercial,2200,7,1900
124 EAST 13 STREET,Commercial,2581,7,1900
16 2 AVENUE,Commercial,3925,7,1900
115 EAST 12 STREET,Commercial,8260,7,1900
48 STUYVESANT STREET,Residential,1912,7,1900
55 2 AVENUE,Residential,2400,7,1900
125 2 AVENUE,Residential,3360,7,1900
60 2 AVENUE,Residential,4935,7,1900
65 4 AVENUE,Commercial,3495,8,1900
59 4 AVENUE,Commercial,4822,8,1900
96 AVENUE B,Residential,1400,2,1901
12 EAST 2 STREET,Residential,1536,2,1901
54 3 AVENUE,Commercial,3150,3,1901
7 AVENUE A,Residential,1258,3,1901
115 2 AVENUE,Residential,1470,3,1901
230 EAST 5 STREET,Residential,1939,3,1901
539 EAST 12 STREET,Residential,2272,3,1901
169 1 AVENUE,Residential,2317,3,1901
60 3 AVENUE,Commercial,1836,4,1901
62 3 AVENUE,Commercial,1852,4,1901
125 EAST 10 STREET,Residential,1324,4,1901
427 EAST 9 STREET,Residential,1415,4,1901
54 2 AVENUE,Residential,1440,4,1901
218 EAST 9 STREET,Residential,1575,4,1901
218 EAST 13 STREET,Residential,1600,4,1901
313 EAST 6 STREET,Residential,1676,4,1901
310 EAST 9 STREET,Residential,2013,4,1901
428 EAST 13 STREET,Residential,2512,4,1901
35 STUYVESANT STREET,Residential,498,5,1901
33 STUYVESANT STREET,Residential,640,5,1901
527 EAST 12 STREET,Residential,5160,6,1901
538 EAST 11 STREET,Residential,4845,2,1904
331 EAST 10 STREET,Residential,4796,3,1904
317 EAST 6 STREET,Residential,1635,3,1905
430 EAST 13 STREET,Residential,2504,4,1905
519 EAST 12 STREET,Residential,2581,4,1905
227 EAST 5 STREET,Residential,2425,5,1905
233 EAST 5 STREET,Residential,2425,5,1905
211 EAST 5 STREET,Residential,2425,5,1905
224 AVENUE B,Commercial,4172,6,1905
202 1 AVENUE,Residential,3942,6,1905
130 EAST 12 STREET,Commercial,4770,7,1905
115 4 AVENUE,Commercial,13830,8,1905
121 ST MARKS PLACE,Residential,4669,6,1907
109 AVENUE A,Residential,2292,7,1908
71 4 AVENUE,Commercial,2942,1,1910
173 EAST 2 STREET,Residential,2650,1,1910
88 3 AVENUE,Commercial,3215,3,1910
246 EAST 5 STREET,Residential,320,3,1910
104 EAST 10 STREET,Residential,900,3,1910
56 2 AVENUE,Residential,1440,3,1910
321 EAST 6 STREET,Residential,1635,3,1910
62 EAST 3 STREET,Residential,1900,3,1910
108 EAST 1 STREET,Residential,2118,3,1910
222 EAST 13 STREET,Residential,2212,3,1910
149 2 AVENUE,Residential,4104,3.5,1910
221 1 AVENUE,Commercial,1204,4,1910
223 1 AVENUE,Commercial,1600,4,1910
86 EAST 10 STREET,Commercial,1860,4,1910
99 EAST 3 STREET,Residential,962,4,1910
71 EAST 2 STREET,Residential,1071,4,1910
505 EAST 12 STREET,Residential,1139,4,1910
503 EAST 12 STREET,Residential,1147,4,1910
196 AVENUE A,Residential,1200,4,1910
19 1 AVENUE,Residential,1269,4,1910
194 AVENUE A,Residential,1486,4,1910
168 AVENUE A,Residential,1510,4,1910
95 AVENUE A,Residential,1524,4,1910
220 EAST 13 STREET,Residential,1600,4,1910
216 EAST 13 STREET,Residential,1600,4,1910
303 EAST 6 STREET,Residential,1967,4,1910
146 1 AVENUE,Residential,2000,4,1910
214 EAST 12 STREET,Residential,2130,4,1910
218 EAST 12 STREET,Residential,2308,4,1910
204 AVENUE A,Residential,2472,4,1910
202 AVENUE A,Residential,2472,4,1910
222 EAST 12 STREET,Residential,2485,4,1910
423 EAST 12 STREET,Residential,2512,4,1910
78 EAST 3 STREET,Residential,2517,4,1910
231 EAST 11 STREET,Residential,2550,4,1910
434 EAST 11 STREET,Residential,2553,4,1910
201 AVENUE A,Residential,2575,4,1910
157 EAST 3 STREET,Residential,4328,4,1910
337 EAST 13 STREET,Commercial,2925,5,1910
335 EAST 13 STREET,Commercial,2925,5,1910
333 EAST 13 STREET,Commercial,2925,5,1910
70 EAST 1 STREET,Residential,837,5,1910
128 EAST 4 STREET,Residential,1250,5,1910
15 1 AVENUE,Residential,1250,5,1910
36 EAST 1 STREET,Residential,1272,5,1910
34 EAST 1 STREET,Residential,1392,5,1910
37 1 AVENUE,Residential,1450,5,1910
81 2 AVENUE,Residential,1600,5,1910
73 EAST 2 STREET,Residential,1650,5,1910
82 EAST 7 STREET,Residential,1708,5,1910
75 EAST 2 STREET,Residential,1725,5,1910
109 1 AVENUE,Residential,1746,5,1910
206 1 AVENUE,Residential,1755,5,1910
77 EAST 2 STREET,Residential,1800,5,1910
84 EAST 7 STREET,Residential,1836,5,1910
44 EAST 1 STREET,Residential,1920,5,1910
182 2 AVENUE,Residential,2058,5,1910
105 1 AVENUE,Residential,2208,5,1910
167 AVENUE A,Residential,2225,5,1910
165 AVENUE A,Residential,2225,5,1910
107 1 AVENUE,Residential,2267,5,1910
307 EAST 6 STREET,Residential,2271,5,1910
124 1 AVENUE,Residential,2287,5,1910
433 EAST 9 STREET,Residential,2306,5,1910
334 EAST 9 STREET,Residential,2348,5,1910
275 EAST 10 STREET,Residential,2369,5,1910
277 EAST 10 STREET,Residential,2369,5,1910
329 EAST 10 STREET,Residential,2369,5,1910
279 EAST 10 STREET,Residential,2369,5,1910
432 EAST 11 STREET,Residential,2370,5,1910
126 EAST 4 STREET,Residential,2404,5,1910
85 EAST 3 STREET,Residential,2404,5,1910
50 EAST 1 STREET,Residential,2423,5,1910
46 EAST 1 STREET,Residential,2424,5,1910
91 2 AVENUE,Residential,2425,5,1910
209 EAST 5 STREET,Residential,2425,5,1910
231 EAST 5 STREET,Residential,2425,5,1910
51 EAST 7 STREET,Residential,2438,5,1910
55 EAST 7 STREET,Residential,2438,5,1910
53 EAST 7 STREET,Residential,2438,5,1910
57 EAST 7 STREET,Residential,2438,5,1910
99 2 AVENUE,Residential,2456,5,1910
198 AVENUE A,Residential,2472,5,1910
206 AVENUE A,Residential,2472,5,1910
95 2 AVENUE,Residential,2494,5,1910
62 EAST 7 STREET,Residential,2498,5,1910
52 EAST 7 STREET,Residential,2499,5,1910
27 1 AVENUE,Residential,2500,5,1910
82 EAST 3 STREET,Residential,2512,5,1910
80 EAST 3 STREET,Residential,2514,5,1910
203 AVENUE A,Residential,2575,5,1910
507 EAST 11 STREET,Residential,2581,5,1910
516 EAST 13 STREET,Residential,2581,5,1910
518 EAST 13 STREET,Residential,2581,5,1910
509 EAST 11 STREET,Residential,2581,5,1910
180 2 AVENUE,Residential,2583,5,1910
182 1 AVENUE,Residential,2825,5,1910
95 1 AVENUE,Residential,4850,5,1910
29 1 AVENUE,Residential,5000,5,1910
51 EAST 2 STREET,Residential,5043,5,1910
519 EAST 11 STREET,Residential,5163,5,1910
43 1 AVENUE,Residential,10200,5,1910
219 1 AVENUE,Commercial,1218,6,1910
50 2 AVENUE,Commercial,2000,6,1910
61 4 AVENUE,Commercial,2270,6,1910
329 EAST 13 STREET,Commercial,4646,6,1910
60 EAST 3 STREET,Residential,1282,6,1910
72 EAST 1 STREET,Residential,1664,6,1910
312 EAST 9 STREET,Residential,2196,6,1910
66 EAST 7 STREET,Residential,2201,6,1910
72 EAST 7 STREET,Residential,2271,6,1910
74 EAST 7 STREET,Residential,2271,6,1910
70 EAST 7 STREET,Residential,2271,6,1910
318 EAST 9 STREET,Residential,2348,6,1910
314 EAST 9 STREET,Residential,2348,6,1910
54 EAST 1 STREET,Residential,2357,6,1910
430 EAST 11 STREET,Residential,2369,6,1910
428 EAST 11 STREET,Residential,2369,6,1910
124 EAST 4 STREET,Residential,2404,6,1910
57 EAST 4 STREET,Residential,2404,6,1910
221 EAST 5 STREET,Residential,2425,6,1910
59 EAST 7 STREET,Residential,2438,6,1910
200 AVENUE A,Residential,2472,6,1910
224 EAST 12 STREET,Residential,2485,6,1910
26 EAST 2 STREET,Residential,2836,6,1910
207 EAST 5 STREET,Residential,2910,6,1910
15 ST MARKS PLACE,Residential,2934,6,1910
214 1 AVENUE,Residential,3360,6,1910
76 EAST 7 STREET,Residential,3406,6,1910
80 EAST 7 STREET,Residential,3406,6,1910
324 EAST 9 STREET,Residential,3522,6,1910
119 ST MARKS PLACE,Residential,3522,6,1910
66 EAST 3 STREET,Residential,3794,6,1910
50 EAST 3 STREET,Residential,3806,6,1910
224 EAST 11 STREET,Residential,4085,6,1910
87 2 AVENUE,Residential,4850,6,1910
437 EAST 12 STREET,Residential,5008,6,1910
195 AVENUE A,Residential,5175,6,1910
181 EAST 2 STREET,Residential,5934,6,1910
59 EAST 3 STREET,Residential,6251,6,1910
58 EAST 1 STREET,Residential,4605,7,1910
514 EAST 6 STREET,Residential,4844,7,1910
21 1 AVENUE,Residential,4920,7,1910
400 EAST 14 STREET,Commercial,12821,5,1911
527 EAST 6 STREET,Residential,2272,5,1911
168 EAST 7 STREET,Residential,2533,5,1911
190 EAST 3 STREET,Residential,2542,5,1912
210 1 AVENUE,Residential,2960,6,1912
154 EAST 7 STREET,Residential,2272,5,1913
197 EAST 4 STREET,Residential,2404,5,1913
195 EAST 4 STREET,Residential,2404,5,1913
526 EAST 13 STREET,Residential,2581,1,1914
79 EAST 2 STREET,Residential,3844,5,1914
84 2 AVENUE,Residential,2400,4.5,1915
529 EAST 6 STREET,Residential,2271,5,1915
156 EAST 7 STREET,Residential,6815,5,1915
185 EAST 2 STREET,Residential,2940,6,1915
6 EAST 3 STREET,Residential,15705,7,1915
291 EAST 10 STREET,Residential,9067,7,1917
317 BOWERY,Commercial,3050,6,1918
156 EAST 2 STREET,Residential,3180,6,1919
118 3 AVENUE,Commercial,1297,1,1920
300 EAST 14 STREET,Commercial,1705,1,1920
3 ST MARKS PLACE,Commercial,1761,1,1920
238A EAST 9 STREET,Residential,112,1,1920
85 EAST 2 STREET,Residential,2125,1,1920
79 EAST 4 STREET,Residential,4808,1,1920
107 EAST 7 STREET,Residential,5655,1,1920
323 EAST 6 STREET,Residential,6813,1,1920
79 1 AVENUE,Residential,7200,1,1920
162 EAST 4 STREET,Residential,11941,1,1920
23 2 AVENUE,Commercial,3504,2,1920
32 2 AVENUE,Commercial,5450,2,1920
29 3 AVENUE,Commercial,8775,2,1920
207 1 AVENUE,Residential,1720,2,1920
33 1 AVENUE,Residential,2900,2,1920
545 EAST 11 STREET,Residential,4130,2,1920
212 EAST 6 STREET,Residential,4850,2,1920
10 EAST 2 STREET,Residential,1600,2.5,1920
44 EAST 3 STREET,Commercial,1000,3,1920
125 4 AVENUE,Commercial,1540,3,1920
340 EAST 14 STREET,Commercial,2323,3,1920
120 EAST 13 STREET,Commercial,2500,3,1920
42 2 AVENUE,Commercial,3294,3,1920
178 1 AVENUE,Residential,1670,3,1920
109 EAST 7 STREET,Residential,1912,3,1920
68 EAST 7 STREET,Residential,2271,3,1920
76 2 AVENUE,Residential,2400,3,1920
83 EAST 4 STREET,Residential,2404,3,1920
62 ST MARKS PLACE,Residential,2563,3,1920
163 1 AVENUE,Residential,2692,3,1920
144 2 AVENUE,Residential,3354,3,1920
104 ST MARKS PLACE,Residential,7751,3,1920
38 EAST 7 STREET,Residential,8652,3,1920
59 EAST 2 STREET,Residential,9667,3,1920
119 EAST 11 STREET,Commercial,9000,3.5,1920
319 BOWERY,Commercial,1596,4,1920
225 1 AVENUE,Commercial,1620,4,1920
121 4 AVENUE,Commercial,1912,4,1920
320 EAST 14 STREET,Commercial,2322,4,1920
322 EAST 14 STREET,Commercial,2323,4,1920
220 AVENUE B,Commercial,2541,4,1920
98 3 AVENUE,Commercial,2600,4,1920
414 EAST 14 STREET,Commercial,4225,4,1920
214 AVENUE A,Commercial,4944,4,1920
313 BOWERY,Commercial,8168,4,1920
406 EAST 14 STREET,Commercial,26765,4,1920
116 1 AVENUE,Residential,1155,4,1920
23 AVENUE A,Residential,1230,4,1920
201 1 AVENUE,Residential,1295,4,1920
203 1 AVENUE,Residential,1295,4,1920
205 1 AVENUE,Residential,1295,4,1920
199 1 AVENUE,Residential,1295,4,1920
67 2 AVENUE,Residential,1440,4,1920
13 AVENUE A,Residential,1488,4,1920
140 1 AVENUE,Residential,1520,4,1920
210 AVENUE B,Residential,1750,4,1920
101 EAST 7 STREET,Residential,1966,4,1920
79 AVENUE A,Residential,2030,4,1920
311 EAST 6 STREET,Residential,2044,4,1920
309 EAST 6 STREET,Residential,2044,4,1920
543 EAST 11 STREET,Residential,2065,4,1920
431 EAST 6 STREET,Residential,2271,4,1920
105 2 AVENUE,Residential,2400,4,1920
85 EAST 4 STREET,Residential,2405,4,1920
60 ST MARKS PLACE,Residential,2438,4,1920
50 ST MARKS PLACE,Residential,2438,4,1920
57 ST MARKS PLACE,Residential,2471,4,1920
81 AVENUE A,Residential,2480,4,1920
220 EAST 12 STREET,Residential,2485,4,1920
58 EAST 7 STREET,Residential,2498,4,1920
227 EAST 11 STREET,Residential,2550,4,1920
223 EAST 12 STREET,Residential,2581,4,1920
221 EAST 12 STREET,Residential,2581,4,1920
227 EAST 12 STREET,Residential,2581,4,1920
64 EAST 4 STREET,Residential,2633,4,1920
94 AVENUE A,Residential,2763,4,1920
25 ST MARKS PLACE,Residential,2934,4,1920
93 ST MARKS PLACE,Residential,3103,4,1920
28 ST MARKS PLACE,Residential,3120,4,1920
349 EAST 12 STREET,Residential,3123,4,1920
230 EAST 9 STREET,Residential,3150,4,1920
309 EAST 12 STREET,Residential,4182,4,1920
50 AVENUE A,Residential,4800,4,1920
78 ST MARKS PLACE,Residential,4875,4,1920
182 AVENUE A,Residential,4918,4,1920
421 EAST 6 STREET,Residential,6244,4,1920
66 EAST 4 STREET,Residential,9617,4,1920
150 1 AVENUE,Residential,13840,4,1920
150 EAST 4 STREET,Residential,28865,4,1920
112 EAST 3 STREET,Residential,53562,4,1920
227 1 AVENUE,Commercial,1588,4.5,1920
359 BOWERY,Commercial,2657,4.5,1920
82 2 AVENUE,Residential,2400,4.5,1920
31 EAST 1 STREET,Commercial,2144,5,1920
338 EAST 14 STREET,Commercial,2323,5,1920
7 2 AVENUE,Commercial,2477,5,1920
218 EAST 14 STREET,Commercial,2478,5,1920
220 EAST 14 STREET,Commercial,2478,5,1920
517 EAST 13 STREET,Commercial,2571,5,1920
540 EAST 14 STREET,Commercial,2581,5,1920
536 EAST 14 STREET,Commercial,2581,5,1920
219 2 AVENUE,Commercial,2897,5,1920
103 EAST 10 STREET,Commercial,3027,5,1920
93 3 AVENUE,Commercial,5201,5,1920
99 3 AVENUE,Commercial,5929,5,1920
120 EAST 10 STREET,Residential,980,5,1920
100 1 AVENUE,Residential,1155,5,1920
85 ST MARKS PLACE,Residential,1477,5,1920
175 1 AVENUE,Residential,1483,5,1920
113 1 AVENUE,Residential,1557,5,1920
78 EAST 1 STREET,Residential,1710,5,1920
186 AVENUE A,Residential,1738,5,1920
188 AVENUE A,Residential,1755,5,1920
32 AVENUE B,Residential,1947,5,1920
536 EAST 6 STREET,Residential,1957,5,1920
415 EAST 6 STREET,Residential,1998,5,1920
9 EAST 3 STREET,Residential,2084,5,1920
513 EAST 6 STREET,Residential,2115,5,1920
511 EAST 6 STREET,Residential,2150,5,1920
13 EAST 3 STREET,Residential,2175,5,1920
103 1 AVENUE,Residential,2208,5,1920
503 EAST 6 STREET,Residential,2271,5,1920
525 EAST 6 STREET,Residential,2271,5,1920
507 EAST 6 STREET,Residential,2271,5,1920
112 EAST 7 STREET,Residential,2271,5,1920
519 EAST 6 STREET,Residential,2272,5,1920
531 EAST 6 STREET,Residential,2272,5,1920
14 1 AVENUE,Residential,2275,5,1920
120 EAST 7 STREET,Residential,2293,5,1920
417 EAST 9 STREET,Residential,2306,5,1920
437 EAST 9 STREET,Residential,2306,5,1920
415 EAST 9 STREET,Residential,2306,5,1920
278 EAST 10 STREET,Residential,2306,5,1920
332 EAST 9 STREET,Residential,2348,5,1920
344 EAST 9 STREET,Residential,2348,5,1920
97 EAST 7 STREET,Residential,2356,5,1920
257 EAST 10 STREET,Residential,2369,5,1920
209 EAST 10 STREET,Residential,2369,5,1920
261 EAST 10 STREET,Residential,2369,5,1920
267 EAST 10 STREET,Residential,2369,5,1920
424 EAST 11 STREET,Residential,2370,5,1920
542 EAST 11 STREET,Residential,2370,5,1920
5 ST MARKS PLACE,Residential,2375,5,1920
25 EAST 3 STREET,Residential,2383,5,1920
56 EAST 4 STREET,Residential,2402,5,1920
7 EAST 3 STREET,Residential,2404,5,1920
91 1 AVENUE,Residential,2425,5,1920
87 1 AVENUE,Residential,2425,5,1920
230 EAST 6 STREET,Residential,2425,5,1920
322 EAST 6 STREET,Residential,2425,5,1920
320 EAST 6 STREET,Residential,2425,5,1920
206 EAST 6 STREET,Residential,2425,5,1920
310 EAST 6 STREET,Residential,2425,5,1920
326 EAST 6 STREET,Residential,2425,5,1920
76 AVENUE B,Residential,2426,5,1920
506 EAST 6 STREET,Residential,2426,5,1920
217 EAST 5 STREET,Residential,2426,5,1920
126 1 AVENUE,Residential,2433,5,1920
23 EAST 3 STREET,Residential,2438,5,1920
52 ST MARKS PLACE,Residential,2438,5,1920
51 ST MARKS PLACE,Residential,2442,5,1920
236 EAST 6 STREET,Residential,2449,5,1920
272 EAST 10 STREET,Residential,2490,5,1920
60 EAST 7 STREET,Residential,2498,5,1920
54 EAST 7 STREET,Residential,2498,5,1920
56 EAST 7 STREET,Residential,2498,5,1920
58 EAST 4 STREET,Residential,2500,5,1920
63 EAST 4 STREET,Residential,2500,5,1920
84 EAST 3 STREET,Residential,2510,5,1920
235 EAST 12 STREET,Residential,2530,5,1920
186 EAST 2 STREET,Residential,2544,5,1920
213 EAST 11 STREET,Residential,2550,5,1920
510 EAST 12 STREET,Residential,2581,5,1920
514 EAST 12 STREET,Residential,2581,5,1920
512 EAST 12 STREET,Residential,2581,5,1920
178 2 AVENUE,Residential,2583,5,1920
201 2 AVENUE,Residential,2750,5,1920
324 EAST 6 STREET,Residential,2825,5,1920
203 2 AVENUE,Residential,2879,5,1920
412 EAST 9 STREET,Residential,2891,5,1920
116 2 AVENUE,Residential,3250,5,1920
108 2 AVENUE,Residential,3250,5,1920
17 STUYVESANT STREET,Residential,3320,5,1920
120 2 AVENUE,Residential,3333,5,1920
122 2 AVENUE,Residential,3334,5,1920
101 ST MARKS PLACE,Residential,4125,5,1920
429 EAST 6 STREET,Residential,4163,5,1920
105 EAST 10 STREET,Residential,4492,5,1920
225 EAST 10 STREET,Residential,4738,5,1920
62 EAST 4 STREET,Residential,4808,5,1920
72 ST MARKS PLACE,Residential,5050,5,1920
184 EAST 3 STREET,Residential,5084,5,1920
175 EAST 2 STREET,Residential,5407,5,1920
133 2 AVENUE,Residential,5748,5,1920
166 EAST 2 STREET,Residential,6678,5,1920
140 2 AVENUE,Residential,6709,5,1920
240 EAST HOUSTON STREET,Residential,7714,5,1920
157 EAST 2 STREET,Residential,7788,5,1920
20 AVENUE A,Residential,9135,5,1920
181 2 AVENUE,Residential,12077,5,1920
38 EAST 1 STREET,Residential,19281,5,1920
324 EAST 5 STREET,Residential,23626,5,1920
224 EAST 14 STREET,Commercial,1652,6,1920
212 EAST 14 STREET,Commercial,2478,6,1920
538 EAST 14 STREET,Commercial,2581,6,1920
243 EAST 13 STREET,Commercial,3098,6,1920
235 EAST 13 STREET,Commercial,3098,6,1920
239 EAST 13 STREET,Commercial,3098,6,1920
245 EAST 13 STREET,Commercial,3872,6,1920
231 EAST 13 STREET,Commercial,4130,6,1920
238 EAST 14 STREET,Commercial,4784,6,1920
226 EAST 14 STREET,Commercial,4784,6,1920
230 EAST 14 STREET,Commercial,4784,6,1920
234 EAST 14 STREET,Commercial,4788,6,1920
105 3 AVENUE,Commercial,5700,6,1920
404 EAST 14 STREET,Commercial,5782,6,1920
66 2 AVENUE,Residential,1725,6,1920
125 AVENUE A,Residential,1727,6,1920
158 1 AVENUE,Residential,1917,6,1920
27 EAST 3 STREET,Residential,2000,6,1920
173 AVENUE A,Residential,2225,6,1920
107 AVENUE A,Residential,2267,6,1920
425 EAST 6 STREET,Residential,2270,6,1920
509 EAST 6 STREET,Residential,2272,6,1920
109 ST MARKS PLACE,Residential,2348,6,1920
410 EAST 11 STREET,Residential,2369,6,1920
426 EAST 11 STREET,Residential,2369,6,1920
315 EAST 10 STREET,Residential,2369,6,1920
53 2 AVENUE,Residential,2400,6,1920
77 EAST 4 STREET,Residential,2404,6,1920
21 EAST 3 STREET,Residential,2404,6,1920
515 EAST 5 STREET,Residential,2434,6,1920
75 EAST 4 STREET,Residential,2500,6,1920
67 EAST 4 STREET,Residential,2500,6,1920
73 EAST 4 STREET,Residential,2500,6,1920
69 EAST 4 STREET,Residential,2500,6,1920
65 EAST 4 STREET,Residential,2500,6,1920
71 EAST 4 STREET,Residential,2500,6,1920
413 EAST 12 STREET,Residential,2512,6,1920
540 EAST 6 STREET,Residential,2523,6,1920
70 EAST 3 STREET,Residential,2525,6,1920
49 EAST 1 STREET,Residential,2571,6,1920
533 EAST 11 STREET,Residential,2581,6,1920
25 1 AVENUE,Residential,2600,6,1920
127 2 AVENUE,Residential,2600,6,1920
60 EAST 4 STREET,Residential,2808,6,1920
224 EAST 13 STREET,Residential,2951,6,1920
411 EAST 6 STREET,Residential,2974,6,1920
409 EAST 6 STREET,Residential,2974,6,1920
170 AVENUE A,Residential,3020,6,1920
58 EAST 3 STREET,Residential,3146,6,1920
26 1 AVENUE,Residential,3256,6,1920
128 2 AVENUE,Residential,3334,6,1920
124 2 AVENUE,Residential,3343,6,1920
214 EAST 11 STREET,Residential,3467,6,1920
103 ST MARKS PLACE,Residential,3522,6,1920
110 ST MARKS PLACE,Residential,3720,6,1920
126 ST MARKS PLACE,Residential,3770,6,1920
122 ST MARKS PLACE,Residential,3770,6,1920
534 EAST 11 STREET,Residential,3790,6,1920
114 EAST 1 STREET,Residential,3970,6,1920
54 EAST 3 STREET,Residential,4017,6,1920
6 EAST 1 STREET,Residential,4020,6,1920
256 EAST 10 STREET,Residential,4060,6,1920
218 EAST 11 STREET,Residential,4085,6,1920
117 EAST 7 STREET,Residential,4095,6,1920
302 EAST 5 STREET,Residential,4119,6,1920
188 2 AVENUE,Residential,4133,6,1920
346 EAST 13 STREET,Residential,4336,6,1920
131 AVENUE A,Residential,4427,6,1920
103 AVENUE A,Residential,4533,6,1920
77 2 AVENUE,Residential,4760,6,1920
235 EAST 4 STREET,Residential,4808,6,1920
232 EAST 6 STREET,Residential,4850,6,1920
28 STUYVESANT STREET,Residential,4932,6,1920
345 EAST 12 STREET,Residential,5163,6,1920
321 EAST 12 STREET,Residential,5163,6,1920
152 2 AVENUE,Residential,5521,6,1920
67 EAST 2 STREET,Residential,5887,6,1920
205 EAST 10 STREET,Residential,5899,6,1920
198 2 AVENUE,Residential,6180,6,1920
156 2 AVENUE,Residential,8195,6,1920
107 ST MARKS PLACE,Residential,8904,6,1920
182 EAST 2 STREET,Residential,9248,6,1920
63 2 AVENUE,Residential,11002,6,1920
99 EAST 3 STREET,Residential,16829,6,1920
128 EAST 7 STREET,Residential,2272,7,1920
237 EAST 10 STREET,Residential,2369,7,1920
417 EAST 12 STREET,Residential,2512,7,1920
68 EAST 1 STREET,Residential,3181,7,1920
91 EAST 3 STREET,Residential,3846,7,1920
229 EAST 12 STREET,Residential,4037,7,1920
306 EAST 5 STREET,Residential,4119,7,1920
145 2 AVENUE,Residential,4147,7,1920
59 EAST 4 STREET,Residential,4809,7,1920
111 EAST 7 STREET,Residential,6106,7,1920
210 EAST 5 STREET,Residential,7680,7,1920
19 ST MARKS PLACE,Residential,8801,7,1920
104 2 AVENUE,Residential,4110,8,1920
5 EAST 3 STREET,Residential,2404,9,1920
57 2 AVENUE,Residential,4808,9,1920
111 4 AVENUE,Commercial,17567,13,1921
222 1 AVENUE,Commercial,1683,5,1922
515 EAST 6 STREET,Residential,4502,5,1923
418 EAST 12 STREET,Residential,36137,5,1923
28 2 AVENUE,Commercial,5000,10,1923
71 COOPER SQUARE,Commercial,6216,4,1925
297 EAST 10 STREET,Residential,2539,4,1925
225 EAST 12 STREET,Residential,2581,4,1925
228 EAST 6 STREET,Residential,2425,5,1925
218 EAST 6 STREET,Residential,2426,5,1925
524 EAST 13 STREET,Residential,2581,5,1925
150 EAST 7 STREET,Residential,4544,5,1925
310 EAST 11 STREET,Residential,4579,5,1925
144 EAST 7 STREET,Residential,9405,5,1925
140 EAST 7 STREET,Residential,9488,5,1925
14 AVENUE B,Residential,3574,6,1925
223 2 AVENUE,Commercial,11455,7,1925
26 AVENUE A,Residential,2910,4,1926
220 EAST 9 STREET,Residential,7875,4,1926
235 EAST 11 STREET,Residential,11200,5,1926
331 EAST 12 STREET,Residential,8260,8,1927
544 EAST 11 STREET,Residential,2370,5,1928
135 AVENUE A,Residential,9068,5,1928
226 EAST 12 STREET,Residential,7029,10,1928
170 2 AVENUE,Residential,7616,15,1928
106 EAST 13 STREET,Commercial,3467,2,1929
204 AVENUE B,Residential,1110,4,1929
514 EAST 11 STREET,Residential,1939,4,1929
232 EAST 5 STREET,Residential,2020,4,1929
512 EAST 11 STREET,Residential,1875,5,1929
229 EAST 4 STREET,Residential,1891,5,1929
218 EAST 5 STREET,Residential,2404,5,1929
336 EAST 6 STREET,Residential,2425,5,1929
513 EAST 5 STREET,Residential,2426,5,1929
76 ST MARKS PLACE,Residential,2437,5,1929
424 EAST 9 STREET,Residential,3384,5,1929
107 2 AVENUE,Residential,9008,5,1929
72 2 AVENUE,Residential,2400,6,1929
406 EAST 9 STREET,Residential,3131,6,1929
540 EAST 5 STREET,Residential,3839,6,1929
536 EAST 5 STREET,Residential,3847,6,1929
172 EAST 7 STREET,Residential,5047,6,1929
232 EAST 12 STREET,Residential,8307,10,1929
43 AVENUE A,Residential,12021,12,1929
51 AVENUE A,Residential,12100,12,1929
162 2 AVENUE,Residential,10207,16,1929
436 EAST 13 STREET,Residential,2504,2,1930
442 EAST 13 STREET,Residential,2504,2,1930
126 2 AVENUE,Residential,3334,3,1930
324 EAST 14 STREET,Commercial,2323,4,1930
170 EAST 3 STREET,Residential,7865,4,1930
424 EAST 14 STREET,Commercial,2581,5,1930
426 EAST 14 STREET,Commercial,8647,5,1930
551 EAST 12 STREET,Residential,1100,5,1930
108 AVENUE B,Residential,1806,5,1930
188 AVENUE B,Residential,1810,5,1930
543 EAST 6 STREET,Residential,1820,5,1930
524 EAST 5 STREET,Residential,1979,5,1930
321 EAST 10 STREET,Residential,2126,5,1930
166 1 AVENUE,Residential,2225,5,1930
101 2 AVENUE,Residential,2546,5,1930
99 EAST 7 STREET,Residential,2567,5,1930
186 AVENUE B,Residential,2715,5,1930
182 AVENUE B,Residential,2715,5,1930
118 2 AVENUE,Residential,3334,5,1930
28 AVENUE A,Residential,5280,5,1930
202 EAST 6 STREET,Commercial,3946,6,1930
233 EAST 12 STREET,Residential,2633,6,1930
226 EAST 13 STREET,Residential,2945,6,1930
208 EAST 13 STREET,Residential,3200,6,1930
212 EAST 13 STREET,Residential,3201,6,1930
504 EAST 12 STREET,Residential,3872,6,1930
508 EAST 12 STREET,Residential,3872,6,1930
87 3 AVENUE,Residential,20662,6,1930
100 3 AVENUE,Commercial,2600,7,1930
127 4 AVENUE,Commercial,6720,7,1930
518 EAST 12 STREET,Residential,5163,7,1930
228 EAST 5 STREET,Residential,1908,3,1931
176 EAST 3 STREET,Residential,10513,6,1931
236 EAST 5 STREET,Residential,6059,6,1932
532 EAST 12 STREET,PARK,16004,1,1935
232 EAST 11 STREET,Residential,3001,2,1935
71 2 AVENUE,Residential,1854,6,1935
175 2 AVENUE,Residential,11903,6,1935
93 PARK AVENUE SOUTH,Commercial,15210,3,1936
44 EAST 2 STREET,Residential,10430,5,1936
223 EAST 4 STREET,Residential,2900,6,1937
225 EAST 4 STREET,Residential,2900,6,1937
136 2 AVENUE,Residential,7634,6,1938
548 EAST 13 STREET,Residential,1274,1,1940
338 EAST 9 STREET,Residential,2125,1,1940
100 AVENUE B,Residential,797,2,1940
23 3 AVENUE,Commercial,2200,3.5,1940
38 2 AVENUE,Commercial,3263,4,1940
87 ST MARKS PLACE,Residential,5630,4,1940
506 EAST 5 STREET,Residential,2396,5,1940
508 EAST 5 STREET,Residential,2396,5,1940
520 EAST 5 STREET,Residential,2404,5,1940
216 EAST 6 STREET,Residential,2425,5,1940
226 EAST 6 STREET,Residential,2425,5,1940
46 ST MARKS PLACE,Residential,2438,5,1940
80 2 AVENUE,Residential,2466,5,1940
304 EAST 12 STREET,Residential,32160,5,1940
313 EAST 5 STREET,Residential,4850,6,1940
160 EAST 3 STREET,Residential,16998,6,1940
58 AVENUE A,Residential,19266,6,1940
159 2 AVENUE,Residential,2658,7,1940
332 EAST 14 STREET,Commercial,2323,5,1945
104 AVENUE B,Residential,1290,6.5,1945
206 EAST 11 STREET,Residential,3420,1,1949
131 1 AVENUE,Residential,1375,1,1950
160 EAST 2 STREET,Residential,6784,4,1950
121 EAST 10 STREET,Residential,2364,6,1950
205 2 AVENUE,Residential,2823,6,1950
185 EAST 3 STREET,Residential,7188,6,1950
223 AVENUE A,Commercial,4564,1,1951
188 EAST 2 STREET,Residential,2544,1,1951
195 EAST 3 STREET,Residential,2308,2,1951
235 1 AVENUE,Commercial,2595,6,1951
130 2 AVENUE,Residential,2380,2,1954
284 EAST 10 STREET,Residential,2306,5,1954
179 1 AVENUE,Residential,70764,2,1955
238 EAST 4 STREET,Residential,2212,6,1955
3 TARAS SHEVCHENKO PL,Residential,13428,6,1956
34 AVENUE B,Residential,1906,2,1958
85 4 AVENUE,Commercial,26097,7,1959
32 AVENUE A,Residential,1672,4,1960
422 EAST 14 STREET,Commercial,2581,5,1960
137 EAST 2 STREET,Residential,8790,3,1962
66 1 AVENUE,Residential,244775,21,1962
114 3 AVENUE,Commercial,2588,2,1964
40 1 AVENUE,Residential,64082,16,1964
111 3 AVENUE,Commercial,10512,17,1964
137 4 AVENUE,Commercial,20040,17,1964
60 1 AVENUE,Residential,40955,21,1964
540 EAST 13 STREET,Residential,6681,1,1965
342 EAST 14 STREET,Commercial,20856,4,1965
525 EAST 11 STREET,Residential,2581,8,1965
30 3 AVENUE,Commercial,20165,20,1965
224 2 AVENUE,Commercial,20707,9,1967
46 2 AVENUE,Commercial,7500,1,1969
52 AVENUE A,Residential,11540,1,1969
542 EAST 5 STREET,Residential,14076,6,1970
117 EAST 2 STREET,Residential,51645,20,1971
327 EAST 13 STREET,Commercial,14255,15,1973
6 TARAS SHEVCHENKO PL,Residential,10444,1,1976
104 1 AVENUE,Residential,2975,1,1977
63 COOPER SQUARE,Commercial,5075,6,1984
114 EAST 13 STREET,Commercial,7812,12,1985
1 COOPER SQUARE,Commercial,22270,14,1985
55 3 AVENUE,Commercial,13147,12,1986
31 3 AVENUE,Commercial,27583,16,1986
67 EAST 3 STREET,Residential,3847,5,1987
79 ST MARKS PLACE,Residential,1398,5.5,1987
239 EAST 10 STREET,Residential,2369,6,1987
57 4 AVENUE,Commercial,3020,1,1988
125 EAST 12 STREET,Commercial,11417,5,1988
320 EAST 9 STREET,Residential,2254,7,1988
67 3 AVENUE,Commercial,36022,14,1988
250 EAST HOUSTON STREET,Residential,33650,13,1989
131 EAST 12 STREET,Commercial,6055,16,1989
254 EAST 10 STREET,Residential,2583,6,1990
85 AVENUE A,Residential,7270,9,1991
24 EAST 7 STREET,Residential,8853,12,1991
124 EAST 14 STREET,Commercial,15450,2,1993
113 EAST 13 STREET,Commercial,15450,12,1994
42 AVENUE A,Residential,7212,5,1995
165 EAST 2 STREET,Residential,7844,5,1996
223 EAST 6 STREET,Residential,17727,6,1996
60 EAST 1 STREET,Residential,2500,5,1997
24 AVENUE B,Residential,15011,6,1997
88 EAST 4 STREET,Residential,14100,9,1997
174 AVENUE A,Residential,9837,7,1998
106 EAST 14 STREET,Commercial,18447,20,1998
503 EAST 13 STREET,Commercial,11421,4,1999
549 EAST 11 STREET,Residential,5702,4,1999
511 EAST 11 STREET,Residential,7744,4,1999
65 EAST 3 STREET,Residential,1923,7,1999
240 EAST 10 STREET,Residential,17441,15,1999
126 EAST 14 STREET,Commercial,41950,16,1999
535 EAST 5 STREET,Residential,8934,6,2000
421 EAST 12 STREET,Residential,2512,6,2001
416 EAST 11 STREET,Residential,4740,7,2001
1 EAST 2 STREET,Residential,11985,12,2001
220 EAST 6 STREET,Residential,7275,3,2002
56 EAST 1 STREET,Residential,2340,4,2002
172 AVENUE B,Residential,1750,6,2002
527 EAST 13 STREET,Commercial,3872,8,2002
29 EAST 2 STREET,Commercial,6434,6,2003
81 EAST 3 STREET,Residential,4809,13,2003
339 BOWERY,Commercial,12204,16,2003
125 EAST 4 STREET,Residential,4784,6,2004
323 EAST 5 STREET,Residential,4850,6,2004
3 EXTRA PLACE,Commercial,9435,6,2005
56 ST MARKS PLACE,Residential,4876,8,2005
285 BOWERY,Residential,35772,9,2005
47 3 AVENUE,Commercial,6726,6,2006
421 EAST 13 STREET,Commercial,16131,8,2006
108 3 AVENUE,Commercial,7500,21,2006
25 COOPER SQUARE,Commercial,11662,21,2006
120 EAST 12 STREET,Commercial,17645,23,2006
525 EAST 12 STREET,Residential,2272,6,2007
266 EAST 10 STREET,Residential,2300,6,2007
420 EAST 11 STREET,Residential,2369,6,2007
62 EAST 1 STREET,Residential,3414,6.5,2007
21 2 AVENUE,Residential,25839,7,2007
52 EAST 4 STREET,Commercial,5793,15,2007
41 COOPER SQUARE,Commercial,18175,2,2008
528 EAST 6 STREET,Residential,2433,6,2008
427 EAST 12 STREET,Residential,2504,6,2008
229 EAST 13 STREET,Commercial,5163,8,2008
311 EAST 11 STREET,Residential,8397,8,2008
92 EAST 7 STREET,Residential,1953,6,2009
530 EAST 5 STREET,Residential,3717,6,2009
531 EAST 12 STREET,Residential,5163,7.5,2009
123 3 AVENUE,Commercial,4426,17,2009
331 EAST 6 STREET,Residential,2271,6,2012
84 3 AVENUE,Commercial,12900,9,2012
11 2 AVENUE,Commercial,9860,12,2012
51 ASTOR PLACE,Commercial,36003,14,2012
327 EAST 9 STREET,Residential,1845,6,2013
208 EAST 14 STREET,Commercial,22922,8,2013
535 EAST 11 STREET,Residential,5162,8,2013
35 COOPER SQUARE,Commercial,4837,13,2014